resposta,Brazil,Mexico
Muita,9,4.9000000000000004
Alguma,27.300000000000001,25.899999999999999
Pouca,30.199999999999999,28.399999999999999
Nenhuma,17.300000000000001,22.199999999999999
Sem Resposta,1.2,0.20000000000000001
Não Sabe,15,18.300000000000001
