opiniao,pais,percentual
Muito Boa,brasil,4.5
Boa,brasil,42.700000000000003
Ruim,brasil,23.100000000000001
Muito Ruim,brasil,3.6000000000000001
Sem Resposta,brasil,2.5
Não Sabe,brasil,23.699999999999999
Muito Boa,mexico,9.5
Boa,mexico,50.399999999999999
Ruim,mexico,23.699999999999999
Muito Ruim,mexico,7.5
Sem Resposta,mexico,0.59999999999999998
Não Sabe,mexico,8.3000000000000007
