opiniao,pais,percentual
Muito Boa,brasil,14.4
Boa,brasil,54.899999999999999
Ruim,brasil,19.199999999999999
Muito Ruim,brasil,6.5
Sem Resposta,brasil,0.69999999999999996
Não Sabe,brasil,4.2999999999999998
Muito Boa,mexico,6.7000000000000002
Boa,mexico,46.5
Ruim,mexico,15.4
Muito Ruim,mexico,3.2000000000000002
Sem Resposta,mexico,1.3999999999999999
Não Sabe,mexico,26.800000000000001
